block_name,attr_prompt,attr_text,attr_tag,attr_insert_x,attr_insert_y,bounding_box_min_x,bounding_box_min_y,bounding_box_max_x,bounding_box_max_y,bounding_box_width,bounding_box_height,attr_height,attr_rotation,attr_layer,attr_style,entity_handle
대산-당진 종평,도면 노선통합이정(m),00000.00-07460.00,TD_LNDST,7075.137655167462,-138.3109224662674,7075.137655167462,-138.3109224662674,7121.037655167462,-133.8109224662674,45.899999999999636,4.5,4.5,,CX-BORD-TEX3,TB_TEXT,6F3F
대산-당진 종평,도면 설계이정(m),0.00-7500.00,TD_DDIST,7523.750613105047,-138.3109224662674,7523.750613105047,-138.3109224662674,7556.150613105046,-133.8109224662674,32.399999999999636,4.5,4.5,,CX-BORD-TEX3,TB_TEXT,6F46
대산-당진 종평,설계공구명(하단),제1공구,TD_DSECT,7484.141386510746,-138.3109224662674,7484.141386510746,-138.3109224662674,7494.941386510746,-133.8109224662674,10.800000000000182,4.5,4.5,,CX-BORD-TEX3,TB_TEXT,6F47
대산-당진 종평,적용표준버전(년도),v5.0(2011),TD_VERSION,7691.84253924049,-130.1701752215925,7691.84253924049,-130.1701752215925,7709.84253924049,-127.1701752215925,18.0,3.0,3.0,90.0,CX-BORD-LIN2,TB_TEXT,6F48
대산-당진 종평,도면번호코드(DWG CODE),C0020101-008,TD_DWGCODE,7504.519609034491,-165.0201187245451,7504.519609034491,-165.0201187245451,7536.91960903449,-160.5201187245451,32.399999999999636,4.5,4.5,,CX-BORD-TEX3,TB_TEXT,6F49
대산-당진 종평,편철도면번호(SHEET NO.),8.008,TD_DWGNO,7636.379853267869,-164.8092490839675,7636.379853267869,-164.8092490839675,7649.879853267869,-160.3092490839675,13.5,4.5,4.5,,CX-BORD-TEX3,TB_TEXT,6F4A
대산-당진 종평,1차 확인자,박태영,TR_APP1,7413.666557146416,-160.3109224662674,7413.666557146416,-160.3109224662674,7419.966557146417,-156.8109224662674,6.300000000000182,3.5,3.5,,CX-BORD-LIN1,TB_TEXT,6F5D
대산-당진 종평,1차 검토자(설계자),양원배,TR_CHK1,7373.666557146416,-160.3109224662674,7373.666557146416,-160.3109224662674,7379.966557146417,-156.8109224662674,6.300000000000182,3.5,3.5,,CX-BORD-LIN1,TB_TEXT,6F5E
대산-당진 종평,1차 작성자,송정훈,TR_DGN1,7333.666557146416,-160.3109224662674,7333.666557146416,-160.3109224662674,7339.966557146417,-156.8109224662674,6.300000000000182,3.5,3.5,,CX-BORD-LIN1,TB_TEXT,6F5F
대산-당진 종평,1차 개정내용,설계준공,TR_RCON1,7232.145853643267,-160.3109224662674,7232.145853643267,-160.3109224662674,7240.545853643267,-156.8109224662674,8.399999999999636,3.5,3.5,,CX-BORD-LIN1,TB_TEXT,6F60
대산-당진 종평,1차 개정날짜,2023. 03,TR_RDAT1,7197.113231829606,-160.3109224662674,7197.113231829606,-160.3109224662674,7213.913231829606,-156.8109224662674,16.800000000000182,3.5,3.5,,CX-BORD-LIN1,TB_TEXT,6F61
대산-당진 종평,1차 개정번호,1,TR_RNUM1,7173.732595394884,-160.4243591368918,7173.732595394884,-160.4243591368918,7175.532595394884,-157.4243591368918,1.800000000000182,3.0,3.0,,CX-BORD-LIN1,TB_TEXT,6F62
대산-당진 종평,"건설단계(실시설계,시공,유지관리 등)",실시설계,TD_CSTEP,7128.081790852673,-164.6859021800825,7128.081790852673,-164.6859021800825,7138.8817908526735,-160.1859021800825,10.800000000000182,4.5,4.5,,CX-BORD-TEX3,TB_TEXT,6F63
대산-당진 종평,"분야명(토목,건축,전기설비 등)",토목,TD_FIELD,7063.590165343853,-164.6859021800825,7063.590165343853,-164.6859021800825,7068.990165343853,-160.1859021800825,5.399999999999636,4.5,4.5,,CX-BORD-TEX3,TB_TEXT,6F64
대산-당진 종평,시공회사,코오롱글로벌(주),TD_CCOMP,7080.614588681709,-156.2181895015434,7080.614588681709,-156.2181895015434,7104.91458868171,-151.7181895015434,24.300000000000182,4.5,4.5,,CX-BORD-TEX3,TB_TEXT,6F65
대산-당진 종평,설계회사,"(주)바우컨설탄트, (주)동성엔지니어링",TD_DCOMP,7061.803733864885,-147.2233780953585,7061.803733864885,-147.2233780953585,7118.503733864884,-142.7233780953585,56.69999999999982,4.5,4.5,,CX-BORD-TEX3,TB_TEXT,6F66
대산-당진 종평,도면 시공이정(m),0.00-7500.00,TD_CDIST,7523.750613105047,-147.3109224662668,7523.750613105047,-147.3109224662668,7556.150613105046,-142.8109224662668,32.399999999999636,4.5,4.5,,CX-BORD-TEX3,TB_TEXT,6F67
대산-당진 종평,시공공구명(하단),제1공구,TD_CSECT,7484.141386510746,-147.3109224662668,7484.141386510746,-147.3109224662668,7494.941386510746,-142.8109224662668,10.800000000000182,4.5,4.5,,CX-BORD-TEX3,TB_TEXT,6F68
대산-당진 종평,공사명(하단),고속국도 제30호선 대산~당진 고속도로 건설공사,TD_CNAME,6892.894100214952,-162.4652821494872,6892.894100214952,-162.4652821494872,6970.894100214952,-157.4652821494872,78.0,5.0,5.0,,CX-BORD-TEX3,TB_TEXT,6F69
대산-당진 종평,공구및구간(상단),제1공구 : 화곡~운산,TB_CSCOP,6906.477107388195,763.0584649014456,6906.477107388195,763.0584649014456,6935.277107388195,767.0584649014456,28.800000000000182,4.0,4.0,,CX-BORD-TEX2,TB_WMTXT,6F6A
대산-당진 종평,공사명(상단),고속국도 제30호선 대산~당진 고속도로 건설공사,TB_CNAME,6905.187306222235,771.255208456398,6905.187306222235,771.255208456398,6983.187306222235,776.255208456398,78.0,5.0,5.0,,CX-BORD-TEX2,TB_WMTXT,6F6B
대산-당진 종평,"도면명3(보조 도면명,측점,방향 등)",(당진방향:STA. 4+200.00~4+800.00),TD_DNAME_BOT,7608.602377012781,-153.8119794216956,7608.602377012781,-153.8119794216956,7660.802377012781,-150.8119794216956,52.19999999999982,3.0,3.0,,CX-BORD-TEX3,TB_TEXT,6F6C
대산-당진 종평,도면명2(주도면명),평면 및 종단면도(8),TD_DNAME_MAIN,7616.703801707489,-148.3378266237461,7616.703801707489,-148.3378266237461,7649.103801707489,-143.8378266237461,32.399999999999636,4.5,4.5,,CX-BORD-TEX3,TB_TEXT,6F6D
대산-당진 종평,"도면명1(공종,부위명, 교량명, 터널명 등)",본선,TD_DNAME_TOP,7638.590165343853,-141.8539111415058,7638.590165343853,-141.8539111415058,7643.990165343853,-137.3539111415058,5.399999999999636,4.5,4.5,,CX-BORD-TEX3,TB_TEXT,6F6E
대산-당진 종평,부타이틀,(당진방향:STA. 4+200.00~4+800.00),TB_STITL,7203.282159916444,753.2654910943339,7203.282159916444,753.2654910943339,7325.082159916444,760.2654910943339,121.80000000000018,7.0,7.0,,CX-BORD-TEX2,TB_WBTXT,6F6F
대산-당진 종평,주타이틀,평면 및 종단면도(8),TB_MTITIL,7225.312010662714,766.7654910943339,7225.312010662714,766.7654910943339,7297.312010662714,776.7654910943339,72.0,10.0,10.0,,CX-BORD-TEX2,TB_WBTXT,6F70
대산-당진 종평,수직 축척,H=1:200,TD_VSCAL,7534.266415755933,-156.0625397720044,7534.266415755933,-156.0625397720044,7553.166415755933,-151.5625397720044,18.899999999999636,4.5,4.5,,CX-BORD-TEX3,TB_TEXT,6F71
대산-당진 종평,수평 축척,H=1:1000,TD_HSCAL,7496.466472239816,-156.0625397720044,7496.466472239816,-156.0625397720044,7518.066472239816,-151.5625397720044,21.600000000000364,4.5,4.5,,CX-BORD-TEX3,TB_TEXT,6F72
